doc_id,newsgroup,prediction
9159,comp.os.ms-windows.misc,comp.os.ms-windows.misc
9160,comp.os.ms-windows.misc,comp.graphics
9171,comp.os.ms-windows.misc,comp.os.ms-windows.misc
9455,comp.os.ms-windows.misc,comp.os.ms-windows.misc
9458,comp.os.ms-windows.misc,comp.os.ms-windows.misc
9502,comp.os.ms-windows.misc,comp.os.ms-windows.misc
9505,comp.os.ms-windows.misc,comp.os.ms-windows.misc
9509,comp.os.ms-windows.misc,comp.os.ms-windows.misc
9532,comp.os.ms-windows.misc,comp.os.ms-windows.misc
9535,comp.os.ms-windows.misc,comp.os.ms-windows.misc
9542,comp.os.ms-windows.misc,comp.os.ms-windows.misc
9594,comp.os.ms-windows.misc,comp.os.ms-windows.misc
9612,comp.os.ms-windows.misc,comp.windows.x
9641,comp.os.ms-windows.misc,comp.os.ms-windows.misc
9642,comp.os.ms-windows.misc,comp.os.ms-windows.misc
9654,comp.os.ms-windows.misc,comp.os.ms-windows.misc
9656,comp.os.ms-windows.misc,comp.os.ms-windows.misc
9698,comp.os.ms-windows.misc,comp.os.ms-windows.misc
9715,comp.os.ms-windows.misc,comp.os.ms-windows.misc
9732,comp.os.ms-windows.misc,comp.os.ms-windows.misc
9739,comp.os.ms-windows.misc,comp.os.ms-windows.misc
9743,comp.os.ms-windows.misc,comp.os.ms-windows.misc
9760,comp.os.ms-windows.misc,misc.forsale
9773,comp.os.ms-windows.misc,comp.os.ms-windows.misc
9779,comp.os.ms-windows.misc,comp.sys.mac.hardware
9788,comp.os.ms-windows.misc,comp.os.ms-windows.misc
9801,comp.os.ms-windows.misc,comp.sys.ibm.pc.hardware
9814,comp.os.ms-windows.misc,sci.electronics
9817,comp.os.ms-windows.misc,comp.os.ms-windows.misc
9821,comp.os.ms-windows.misc,comp.os.ms-windows.misc
9836,comp.os.ms-windows.misc,comp.os.ms-windows.misc
9844,comp.os.ms-windows.misc,comp.os.ms-windows.misc
9860,comp.os.ms-windows.misc,comp.os.ms-windows.misc
9900,comp.os.ms-windows.misc,comp.os.ms-windows.misc
9917,comp.os.ms-windows.misc,comp.os.ms-windows.misc
9928,comp.os.ms-windows.misc,comp.os.ms-windows.misc
9980,comp.os.ms-windows.misc,comp.os.ms-windows.misc
9983,comp.os.ms-windows.misc,comp.os.ms-windows.misc
10000,comp.os.ms-windows.misc,sci.electronics
10004,comp.os.ms-windows.misc,comp.os.ms-windows.misc
10006,comp.os.ms-windows.misc,comp.os.ms-windows.misc
10011,comp.os.ms-windows.misc,comp.windows.x
10014,comp.os.ms-windows.misc,comp.os.ms-windows.misc
10033,comp.os.ms-windows.misc,comp.os.ms-windows.misc
10041,comp.os.ms-windows.misc,comp.os.ms-windows.misc
10046,comp.os.ms-windows.misc,comp.os.ms-windows.misc
10052,comp.os.ms-windows.misc,comp.os.ms-windows.misc
10058,comp.os.ms-windows.misc,comp.os.ms-windows.misc
10072,comp.os.ms-windows.misc,comp.os.ms-windows.misc
10087,comp.os.ms-windows.misc,comp.os.ms-windows.misc
10092,comp.os.ms-windows.misc,sci.electronics
10120,comp.os.ms-windows.misc,comp.os.ms-windows.misc
10136,comp.os.ms-windows.misc,comp.os.ms-windows.misc
10156,comp.os.ms-windows.misc,comp.os.ms-windows.misc
10157,comp.os.ms-windows.misc,comp.os.ms-windows.misc
10158,comp.os.ms-windows.misc,comp.os.ms-windows.misc
10164,comp.os.ms-windows.misc,comp.os.ms-windows.misc
10170,comp.os.ms-windows.misc,comp.windows.x
10179,comp.os.ms-windows.misc,comp.os.ms-windows.misc
10196,comp.os.ms-windows.misc,comp.graphics
10199,comp.os.ms-windows.misc,comp.os.ms-windows.misc
10205,comp.os.ms-windows.misc,comp.windows.x
10208,comp.os.ms-windows.misc,comp.os.ms-windows.misc
10603,comp.os.ms-windows.misc,comp.graphics
10613,comp.os.ms-windows.misc,comp.os.ms-windows.misc
10644,comp.os.ms-windows.misc,comp.windows.x
10648,comp.os.ms-windows.misc,sci.electronics
10694,comp.os.ms-windows.misc,comp.sys.ibm.pc.hardware
10726,comp.os.ms-windows.misc,comp.sys.mac.hardware
10741,comp.os.ms-windows.misc,comp.sys.mac.hardware
10792,comp.os.ms-windows.misc,comp.os.ms-windows.misc
10796,comp.os.ms-windows.misc,comp.os.ms-windows.misc
10798,comp.os.ms-windows.misc,comp.os.ms-windows.misc
10801,comp.os.ms-windows.misc,comp.os.ms-windows.misc
10802,comp.os.ms-windows.misc,comp.sys.ibm.pc.hardware
10803,comp.os.ms-windows.misc,comp.os.ms-windows.misc
10827,comp.os.ms-windows.misc,comp.graphics
10852,comp.os.ms-windows.misc,comp.os.ms-windows.misc
10863,comp.os.ms-windows.misc,comp.os.ms-windows.misc
10903,comp.os.ms-windows.misc,comp.sys.mac.hardware
14994,sci.crypt,sci.crypt
15176,sci.crypt,comp.windows.x
15180,sci.crypt,sci.crypt
15200,sci.crypt,sci.crypt
15216,sci.crypt,sci.crypt
15222,sci.crypt,misc.forsale
15245,sci.crypt,sci.crypt
15263,sci.crypt,sci.crypt
15279,sci.crypt,sci.crypt
15281,sci.crypt,sci.crypt
15288,sci.crypt,sci.crypt
15303,sci.crypt,sci.crypt
15304,sci.crypt,sci.crypt
15311,sci.crypt,sci.crypt
15327,sci.crypt,sci.crypt
15328,sci.crypt,sci.space
15330,sci.crypt,sci.crypt
15373,sci.crypt,sci.crypt
15375,sci.crypt,sci.crypt
15379,sci.crypt,sci.crypt
15382,sci.crypt,sci.crypt
15384,sci.crypt,talk.politics.misc
15392,sci.crypt,sci.crypt
15400,sci.crypt,sci.crypt
15401,sci.crypt,sci.crypt
15414,sci.crypt,talk.religion.misc
15419,sci.crypt,sci.crypt
15460,sci.crypt,sci.crypt
15477,sci.crypt,sci.crypt
15481,sci.crypt,sci.crypt
15487,sci.crypt,sci.crypt
15505,sci.crypt,sci.crypt
15516,sci.crypt,sci.crypt
15518,sci.crypt,sci.crypt
15521,sci.crypt,sci.crypt
15523,sci.crypt,sci.crypt
15531,sci.crypt,sci.crypt
15542,sci.crypt,sci.crypt
15548,sci.crypt,sci.crypt
15554,sci.crypt,sci.crypt
15555,sci.crypt,sci.crypt
15557,sci.crypt,sci.crypt
15592,sci.crypt,sci.crypt
15594,sci.crypt,rec.sport.hockey
15604,sci.crypt,sci.crypt
15605,sci.crypt,sci.crypt
15618,sci.crypt,sci.crypt
15649,sci.crypt,sci.crypt
15650,sci.crypt,sci.crypt
15662,sci.crypt,sci.crypt
15684,sci.crypt,sci.crypt
15688,sci.crypt,comp.os.ms-windows.misc
15693,sci.crypt,sci.crypt
15709,sci.crypt,sci.crypt
15719,sci.crypt,sci.crypt
15746,sci.crypt,sci.crypt
15748,sci.crypt,sci.crypt
15759,sci.crypt,sci.crypt
15767,sci.crypt,sci.crypt
15787,sci.crypt,sci.crypt
15790,sci.crypt,sci.crypt
15817,sci.crypt,sci.crypt
15821,sci.crypt,sci.crypt
15823,sci.crypt,sci.crypt
15845,sci.crypt,sci.crypt
15858,sci.crypt,sci.crypt
15861,sci.crypt,sci.crypt
15863,sci.crypt,sci.crypt
15864,sci.crypt,sci.crypt
15865,sci.crypt,sci.crypt
15867,sci.crypt,sci.crypt
15877,sci.crypt,sci.crypt
15879,sci.crypt,sci.crypt
15887,sci.crypt,sci.crypt
15913,sci.crypt,rec.sport.hockey
15920,sci.crypt,sci.crypt
15926,sci.crypt,sci.crypt
15968,sci.crypt,sci.crypt
15976,sci.crypt,sci.crypt
15981,sci.crypt,sci.crypt
15996,sci.crypt,sci.crypt
15999,sci.crypt,sci.crypt
16018,sci.crypt,sci.crypt
16021,sci.crypt,sci.crypt
16029,sci.crypt,misc.forsale
16035,sci.crypt,sci.crypt
16041,sci.crypt,sci.crypt
16066,sci.crypt,sci.crypt
16081,sci.crypt,sci.crypt
16088,sci.crypt,sci.crypt
16101,sci.crypt,sci.crypt
16118,sci.crypt,talk.politics.guns
16121,sci.crypt,sci.crypt
16122,sci.crypt,sci.crypt
16128,sci.crypt,sci.crypt
16130,sci.crypt,sci.crypt
16139,sci.crypt,sci.crypt
16348,sci.crypt,sci.crypt
16352,sci.crypt,sci.crypt
16356,sci.crypt,rec.sport.hockey
16358,sci.crypt,sci.crypt
20362,soc.religion.christian,alt.atheism
20363,soc.religion.christian,talk.religion.misc
20492,soc.religion.christian,soc.religion.christian
20498,soc.religion.christian,soc.religion.christian
20512,soc.religion.christian,soc.religion.christian
20520,soc.religion.christian,soc.religion.christian
20523,soc.religion.christian,soc.religion.christian
20524,soc.religion.christian,soc.religion.christian
20538,soc.religion.christian,soc.religion.christian
20542,soc.religion.christian,rec.sport.baseball
20545,soc.religion.christian,soc.religion.christian
20553,soc.religion.christian,soc.religion.christian
20566,soc.religion.christian,soc.religion.christian
20579,soc.religion.christian,soc.religion.christian
20604,soc.religion.christian,soc.religion.christian
20640,soc.religion.christian,soc.religion.christian
20655,soc.religion.christian,soc.religion.christian
20684,soc.religion.christian,soc.religion.christian
20692,soc.religion.christian,soc.religion.christian
20713,soc.religion.christian,soc.religion.christian
20718,soc.religion.christian,soc.religion.christian
20737,soc.religion.christian,talk.politics.guns
20741,soc.religion.christian,soc.religion.christian
20815,soc.religion.christian,soc.religion.christian
20824,soc.religion.christian,soc.religion.christian
20831,soc.religion.christian,soc.religion.christian
20843,soc.religion.christian,sci.electronics
20856,soc.religion.christian,soc.religion.christian
20870,soc.religion.christian,soc.religion.christian
20883,soc.religion.christian,soc.religion.christian
20890,soc.religion.christian,soc.religion.christian
20892,soc.religion.christian,soc.religion.christian
20894,soc.religion.christian,soc.religion.christian
20913,soc.religion.christian,comp.graphics
20924,soc.religion.christian,soc.religion.christian
20942,soc.religion.christian,comp.sys.mac.hardware
20944,soc.religion.christian,sci.med
20947,soc.religion.christian,soc.religion.christian
20949,soc.religion.christian,soc.religion.christian
20951,soc.religion.christian,soc.religion.christian
20965,soc.religion.christian,soc.religion.christian
20966,soc.religion.christian,soc.religion.christian
20977,soc.religion.christian,soc.religion.christian
21310,soc.religion.christian,soc.religion.christian
21338,soc.religion.christian,soc.religion.christian
21344,soc.religion.christian,soc.religion.christian
21349,soc.religion.christian,alt.atheism
21352,soc.religion.christian,soc.religion.christian
21353,soc.religion.christian,soc.religion.christian
21358,soc.religion.christian,soc.religion.christian
21361,soc.religion.christian,soc.religion.christian
21376,soc.religion.christian,soc.religion.christian
21377,soc.religion.christian,comp.graphics
21378,soc.religion.christian,soc.religion.christian
21391,soc.religion.christian,talk.religion.misc
21411,soc.religion.christian,soc.religion.christian
21447,soc.religion.christian,soc.religion.christian
21457,soc.religion.christian,soc.religion.christian
21472,soc.religion.christian,soc.religion.christian
21480,soc.religion.christian,soc.religion.christian
21486,soc.religion.christian,soc.religion.christian
21487,soc.religion.christian,soc.religion.christian
21501,soc.religion.christian,soc.religion.christian
21506,soc.religion.christian,soc.religion.christian
21511,soc.religion.christian,soc.religion.christian
21521,soc.religion.christian,soc.religion.christian
21527,soc.religion.christian,soc.religion.christian
21531,soc.religion.christian,soc.religion.christian
21536,soc.religion.christian,soc.religion.christian
21546,soc.religion.christian,talk.religion.misc
21561,soc.religion.christian,soc.religion.christian
21565,soc.religion.christian,talk.politics.misc
21576,soc.religion.christian,soc.religion.christian
21593,soc.religion.christian,soc.religion.christian
21599,soc.religion.christian,soc.religion.christian
21600,soc.religion.christian,soc.religion.christian
21628,soc.religion.christian,soc.religion.christian
21652,soc.religion.christian,soc.religion.christian
21657,soc.religion.christian,soc.religion.christian
21658,soc.religion.christian,comp.os.ms-windows.misc
21671,soc.religion.christian,soc.religion.christian
21673,soc.religion.christian,comp.graphics
21675,soc.religion.christian,sci.crypt
21689,soc.religion.christian,soc.religion.christian
21701,soc.religion.christian,soc.religion.christian
21728,soc.religion.christian,misc.forsale
21750,soc.religion.christian,comp.graphics
21753,soc.religion.christian,soc.religion.christian
21762,soc.religion.christian,soc.religion.christian
37916,comp.graphics,comp.graphics
37923,comp.graphics,comp.graphics
37942,comp.graphics,sci.electronics
37945,comp.graphics,comp.os.ms-windows.misc
37949,comp.graphics,sci.crypt
37954,comp.graphics,comp.graphics
37956,comp.graphics,comp.sys.mac.hardware
37959,comp.graphics,comp.os.ms-windows.misc
38241,comp.graphics,comp.graphics
38269,comp.graphics,comp.graphics
38280,comp.graphics,comp.sys.mac.hardware
38292,comp.graphics,comp.graphics
38293,comp.graphics,comp.graphics
38306,comp.graphics,comp.sys.ibm.pc.hardware
38308,comp.graphics,comp.graphics
38310,comp.graphics,soc.religion.christian
38311,comp.graphics,talk.politics.misc
38313,comp.graphics,comp.graphics
38324,comp.graphics,comp.os.ms-windows.misc
38348,comp.graphics,comp.sys.mac.hardware
38357,comp.graphics,comp.graphics
38364,comp.graphics,comp.graphics
38365,comp.graphics,talk.politics.mideast
38377,comp.graphics,comp.graphics
38389,comp.graphics,comp.graphics
38418,comp.graphics,comp.graphics
38435,comp.graphics,comp.graphics
38454,comp.graphics,comp.graphics
38456,comp.graphics,comp.graphics
38495,comp.graphics,comp.sys.ibm.pc.hardware
38514,comp.graphics,comp.graphics
38542,comp.graphics,comp.graphics
38605,comp.graphics,comp.graphics
38607,comp.graphics,comp.graphics
38611,comp.graphics,comp.graphics
38615,comp.graphics,comp.os.ms-windows.misc
38616,comp.graphics,comp.os.ms-windows.misc
38646,comp.graphics,comp.windows.x
38653,comp.graphics,comp.os.ms-windows.misc
38662,comp.graphics,comp.graphics
38685,comp.graphics,comp.sys.ibm.pc.hardware
38691,comp.graphics,comp.graphics
38702,comp.graphics,comp.windows.x
38718,comp.graphics,comp.graphics
38723,comp.graphics,comp.windows.x
38724,comp.graphics,comp.graphics
38730,comp.graphics,comp.graphics
38735,comp.graphics,comp.windows.x
38748,comp.graphics,comp.graphics
38758,comp.graphics,comp.graphics
38771,comp.graphics,comp.graphics
38774,comp.graphics,comp.sys.ibm.pc.hardware
38775,comp.graphics,comp.graphics
38781,comp.graphics,comp.graphics
38788,comp.graphics,comp.sys.mac.hardware
38792,comp.graphics,sci.electronics
38810,comp.graphics,comp.graphics
38838,comp.graphics,comp.sys.mac.hardware
38842,comp.graphics,talk.politics.misc
38854,comp.graphics,comp.graphics
38866,comp.graphics,comp.graphics
38867,comp.graphics,comp.graphics
38868,comp.graphics,comp.os.ms-windows.misc
38886,comp.graphics,comp.graphics
38904,comp.graphics,comp.graphics
38905,comp.graphics,comp.sys.mac.hardware
38914,comp.graphics,comp.graphics
38923,comp.graphics,comp.graphics
38932,comp.graphics,comp.graphics
38937,comp.graphics,comp.graphics
38938,comp.graphics,comp.graphics
38943,comp.graphics,comp.graphics
38949,comp.graphics,rec.autos
38970,comp.graphics,comp.graphics
38972,comp.graphics,comp.sys.mac.hardware
38999,comp.graphics,comp.graphics
39002,comp.graphics,sci.electronics
39006,comp.graphics,comp.graphics
39007,comp.graphics,comp.graphics
39009,comp.graphics,misc.forsale
39011,comp.graphics,comp.graphics
39017,comp.graphics,comp.graphics
39018,comp.graphics,comp.graphics
39026,comp.graphics,comp.os.ms-windows.misc
39027,comp.graphics,comp.graphics
39060,comp.graphics,comp.graphics
39067,comp.graphics,comp.graphics
39076,comp.graphics,comp.sys.mac.hardware
39487,comp.graphics,comp.sys.mac.hardware
39621,comp.graphics,comp.graphics
39630,comp.graphics,comp.graphics
39645,comp.graphics,comp.os.ms-windows.misc
39647,comp.graphics,comp.sys.ibm.pc.hardware
39652,comp.graphics,comp.windows.x
39654,comp.graphics,comp.sys.mac.hardware
39667,comp.graphics,comp.graphics
39674,comp.graphics,comp.windows.x
49960,alt.atheism,alt.atheism
50436,comp.sys.mac.hardware,comp.graphics
50472,comp.sys.mac.hardware,rec.motorcycles
50474,comp.sys.mac.hardware,rec.motorcycles
50480,comp.sys.mac.hardware,comp.sys.mac.hardware
50484,comp.sys.mac.hardware,comp.sys.ibm.pc.hardware
50489,comp.sys.mac.hardware,sci.electronics
50505,comp.sys.mac.hardware,alt.atheism
50527,comp.sys.mac.hardware,comp.sys.mac.hardware
50529,comp.sys.mac.hardware,comp.sys.mac.hardware
50540,comp.sys.mac.hardware,comp.sys.mac.hardware
50549,comp.sys.mac.hardware,sci.electronics
51126,alt.atheism,alt.atheism
51143,alt.atheism,alt.atheism
51145,alt.atheism,talk.politics.misc
51170,alt.atheism,alt.atheism
51181,alt.atheism,alt.atheism
51209,alt.atheism,alt.atheism
51210,alt.atheism,alt.atheism
51218,alt.atheism,alt.atheism
51222,alt.atheism,alt.atheism
51237,alt.atheism,rec.sport.hockey
51240,alt.atheism,alt.atheism
51245,alt.atheism,alt.atheism
51253,alt.atheism,alt.atheism
51292,alt.atheism,alt.atheism
51298,alt.atheism,alt.atheism
51303,alt.atheism,alt.atheism
51501,comp.sys.mac.hardware,comp.sys.ibm.pc.hardware
51503,comp.sys.mac.hardware,comp.sys.mac.hardware
51504,comp.sys.mac.hardware,comp.sys.mac.hardware
51516,comp.sys.mac.hardware,sci.electronics
51518,comp.sys.mac.hardware,sci.space
51533,comp.sys.mac.hardware,comp.sys.mac.hardware
51539,comp.sys.mac.hardware,comp.sys.mac.hardware
51548,comp.sys.mac.hardware,comp.sys.mac.hardware
51549,comp.sys.mac.hardware,comp.sys.mac.hardware
51563,comp.sys.mac.hardware,comp.sys.mac.hardware
51578,comp.sys.mac.hardware,misc.forsale
51593,comp.sys.mac.hardware,comp.sys.mac.hardware
51594,comp.sys.mac.hardware,comp.sys.mac.hardware
51611,comp.sys.mac.hardware,comp.windows.x
51616,comp.sys.mac.hardware,comp.sys.mac.hardware
51644,comp.sys.mac.hardware,rec.autos
51650,comp.sys.mac.hardware,misc.forsale
51665,comp.sys.mac.hardware,comp.sys.mac.hardware
51684,comp.sys.mac.hardware,comp.sys.mac.hardware
51702,comp.sys.mac.hardware,comp.sys.mac.hardware
51727,comp.sys.mac.hardware,comp.os.ms-windows.misc
51736,comp.sys.mac.hardware,comp.graphics
51745,comp.sys.mac.hardware,comp.windows.x
51755,comp.sys.mac.hardware,comp.sys.mac.hardware
51764,comp.sys.mac.hardware,comp.sys.mac.hardware
51772,comp.sys.mac.hardware,comp.os.ms-windows.misc
51777,comp.sys.mac.hardware,comp.sys.mac.hardware
51787,comp.sys.mac.hardware,comp.sys.mac.hardware
51794,comp.sys.mac.hardware,comp.sys.mac.hardware
51797,comp.sys.mac.hardware,comp.sys.mac.hardware
51810,comp.sys.mac.hardware,comp.sys.mac.hardware
51812,comp.sys.mac.hardware,comp.sys.mac.hardware
51818,comp.sys.mac.hardware,comp.sys.mac.hardware
51830,comp.sys.mac.hardware,comp.sys.mac.hardware
51837,comp.sys.mac.hardware,sci.electronics
51853,comp.sys.mac.hardware,comp.sys.mac.hardware
51860,comp.sys.mac.hardware,sci.electronics
51870,comp.sys.mac.hardware,comp.sys.ibm.pc.hardware
51871,comp.sys.mac.hardware,comp.graphics
51884,comp.sys.mac.hardware,comp.sys.mac.hardware
51891,comp.sys.mac.hardware,comp.sys.mac.hardware
51916,comp.sys.mac.hardware,comp.sys.mac.hardware
51917,comp.sys.mac.hardware,comp.sys.mac.hardware
51947,comp.sys.mac.hardware,comp.sys.mac.hardware
51963,comp.sys.mac.hardware,misc.forsale
51966,comp.sys.mac.hardware,comp.os.ms-windows.misc
51967,comp.sys.mac.hardware,comp.sys.mac.hardware
51974,comp.sys.mac.hardware,comp.sys.mac.hardware
51978,comp.sys.mac.hardware,comp.sys.ibm.pc.hardware
51981,comp.sys.mac.hardware,comp.sys.ibm.pc.hardware
52007,comp.sys.mac.hardware,rec.autos
52011,comp.sys.mac.hardware,comp.sys.mac.hardware
52018,comp.sys.mac.hardware,comp.sys.mac.hardware
52032,comp.sys.mac.hardware,comp.sys.ibm.pc.hardware
52049,comp.sys.mac.hardware,comp.sys.mac.hardware
52061,comp.sys.mac.hardware,comp.sys.mac.hardware
52063,comp.sys.mac.hardware,comp.sys.mac.hardware
52072,comp.sys.mac.hardware,comp.sys.mac.hardware
52075,comp.sys.mac.hardware,rec.sport.baseball
52101,comp.sys.mac.hardware,misc.forsale
52103,comp.sys.mac.hardware,comp.sys.mac.hardware
52109,comp.sys.mac.hardware,comp.sys.mac.hardware
52115,comp.sys.mac.hardware,comp.os.ms-windows.misc
52117,comp.sys.mac.hardware,comp.sys.mac.hardware
52123,comp.sys.mac.hardware,comp.sys.mac.hardware
52124,comp.sys.mac.hardware,comp.sys.mac.hardware
52131,comp.sys.mac.hardware,comp.sys.mac.hardware
52133,comp.sys.mac.hardware,comp.sys.ibm.pc.hardware
52137,comp.sys.mac.hardware,comp.sys.mac.hardware
52152,comp.sys.mac.hardware,misc.forsale
52170,comp.sys.mac.hardware,comp.sys.mac.hardware
52171,comp.sys.mac.hardware,comp.sys.ibm.pc.hardware
52233,comp.sys.mac.hardware,comp.sys.mac.hardware
52237,comp.sys.mac.hardware,comp.sys.mac.hardware
52241,comp.sys.mac.hardware,comp.sys.mac.hardware
52259,comp.sys.mac.hardware,comp.sys.ibm.pc.hardware
52267,comp.sys.mac.hardware,comp.sys.mac.hardware
52272,comp.sys.mac.hardware,comp.sys.mac.hardware
52275,comp.sys.mac.hardware,comp.sys.mac.hardware
52292,comp.sys.mac.hardware,comp.graphics
52295,comp.sys.mac.hardware,comp.sys.ibm.pc.hardware
52300,comp.sys.mac.hardware,comp.graphics
52303,comp.sys.mac.hardware,comp.sys.mac.hardware
52304,comp.sys.mac.hardware,sci.electronics
52343,comp.sys.mac.hardware,comp.os.ms-windows.misc
52345,comp.sys.mac.hardware,comp.os.ms-windows.misc
52404,comp.sys.mac.hardware,comp.sys.mac.hardware
52405,comp.sys.mac.hardware,comp.sys.mac.hardware
52434,sci.electronics,sci.electronics
52438,comp.sys.mac.hardware,comp.sys.mac.hardware
52440,comp.sys.mac.hardware,comp.sys.ibm.pc.hardware
52443,comp.sys.mac.hardware,comp.sys.mac.hardware
52499,alt.atheism,talk.politics.misc
52575,rec.sport.hockey,rec.sport.hockey
52583,rec.sport.hockey,rec.sport.hockey
52587,rec.sport.hockey,talk.politics.misc
52588,rec.sport.hockey,rec.sport.hockey
52601,rec.sport.hockey,rec.sport.hockey
52646,rec.sport.hockey,rec.sport.hockey
52647,rec.sport.hockey,rec.sport.hockey
52668,rec.sport.hockey,comp.sys.mac.hardware
52729,sci.electronics,comp.sys.ibm.pc.hardware
52737,sci.electronics,comp.windows.x
52739,sci.electronics,sci.electronics
52746,sci.electronics,sci.electronics
52759,sci.electronics,sci.electronics
52762,sci.electronics,comp.sys.ibm.pc.hardware
52763,sci.electronics,sci.electronics
52765,sci.electronics,sci.electronics
52766,sci.electronics,comp.sys.ibm.pc.hardware
52769,sci.electronics,sci.electronics
52772,sci.electronics,comp.graphics
52786,sci.electronics,sci.electronics
52799,sci.electronics,sci.electronics
52801,sci.electronics,sci.electronics
52805,sci.electronics,sci.electronics
52807,sci.electronics,sci.electronics
52812,sci.electronics,sci.electronics
52822,sci.electronics,sci.electronics
53055,alt.atheism,alt.atheism
53056,alt.atheism,soc.religion.christian
53059,alt.atheism,alt.atheism
53117,alt.atheism,alt.atheism
53121,alt.atheism,alt.atheism
53125,alt.atheism,alt.atheism
53139,alt.atheism,alt.atheism
53149,alt.atheism,alt.atheism
53161,alt.atheism,alt.atheism
53167,alt.atheism,alt.atheism
53190,alt.atheism,alt.atheism
53203,alt.atheism,alt.atheism
53252,alt.atheism,alt.atheism
53277,alt.atheism,alt.atheism
53278,alt.atheism,alt.atheism
53294,talk.politics.guns,talk.politics.guns
53296,talk.politics.guns,sci.med
53307,alt.atheism,alt.atheism
53310,talk.politics.guns,talk.politics.guns
53339,talk.politics.guns,talk.politics.mideast
53349,alt.atheism,alt.atheism
53357,talk.politics.guns,talk.politics.guns
53373,alt.atheism,alt.atheism
53376,alt.atheism,alt.atheism
53402,alt.atheism,sci.crypt
53443,alt.atheism,alt.atheism
53463,alt.atheism,soc.religion.christian
53464,alt.atheism,soc.religion.christian
53466,alt.atheism,talk.religion.misc
53468,alt.atheism,alt.atheism
53491,alt.atheism,alt.atheism
53504,alt.atheism,alt.atheism
53514,sci.electronics,sci.electronics
53521,sci.electronics,sci.electronics
53523,alt.atheism,alt.atheism
53528,sci.electronics,sci.electronics
53536,sci.electronics,sci.electronics
53543,alt.atheism,alt.atheism
53545,rec.sport.hockey,rec.sport.hockey
53549,alt.atheism,alt.atheism
53549,sci.electronics,rec.autos
53553,alt.atheism,alt.atheism
53554,alt.atheism,alt.atheism
53555,sci.electronics,sci.electronics
53561,sci.electronics,sci.electronics
53562,sci.electronics,comp.sys.mac.hardware
53564,alt.atheism,alt.atheism
53565,sci.electronics,sci.electronics
53569,rec.sport.hockey,rec.sport.hockey
53569,sci.electronics,comp.graphics
53572,alt.atheism,alt.atheism
53573,alt.atheism,alt.atheism
53577,rec.sport.hockey,rec.sport.hockey
53579,sci.electronics,sci.electronics
53584,sci.electronics,sci.electronics
53591,sci.electronics,sci.electronics
53594,sci.electronics,sci.electronics
53597,sci.electronics,comp.os.ms-windows.misc
53598,rec.sport.hockey,rec.sport.hockey
53599,alt.atheism,alt.atheism
53599,sci.electronics,comp.sys.mac.hardware
53600,rec.sport.hockey,talk.politics.misc
53601,alt.atheism,alt.atheism
53605,sci.electronics,sci.electronics
53614,alt.atheism,alt.atheism
53619,rec.sport.hockey,rec.sport.hockey
53627,alt.atheism,alt.atheism
53629,alt.atheism,soc.religion.christian
53631,rec.sport.hockey,rec.sport.hockey
53636,rec.sport.hockey,rec.sport.baseball
53636,sci.electronics,comp.os.ms-windows.misc
53642,alt.atheism,alt.atheism
53650,alt.atheism,alt.atheism
53650,sci.electronics,comp.os.ms-windows.misc
53656,sci.electronics,sci.med
53662,rec.sport.hockey,rec.sport.hockey
53663,alt.atheism,alt.atheism
53665,rec.sport.hockey,rec.sport.hockey
53672,rec.sport.hockey,comp.os.ms-windows.misc
53675,rec.sport.hockey,rec.sport.hockey
53676,sci.electronics,comp.sys.ibm.pc.hardware
53677,rec.sport.hockey,comp.sys.ibm.pc.hardware
53677,sci.electronics,sci.electronics
53682,sci.electronics,rec.autos
53685,sci.electronics,sci.electronics
53693,rec.sport.hockey,comp.sys.mac.hardware
53696,sci.electronics,comp.sys.ibm.pc.hardware
53706,sci.electronics,sci.electronics
53707,rec.sport.hockey,rec.sport.hockey
53711,rec.sport.hockey,rec.sport.hockey
53731,rec.sport.hockey,rec.sport.hockey
53738,sci.electronics,sci.electronics
53751,sci.electronics,sci.electronics
53754,alt.atheism,alt.atheism
53756,alt.atheism,alt.atheism
53758,rec.sport.hockey,rec.sport.hockey
53758,sci.electronics,talk.politics.misc
53761,sci.electronics,sci.electronics
53772,sci.electronics,sci.electronics
53774,sci.electronics,sci.electronics
53775,sci.electronics,sci.electronics
53778,rec.sport.hockey,rec.sport.hockey
53779,rec.sport.hockey,rec.sport.hockey
53781,alt.atheism,alt.atheism
53783,alt.atheism,talk.religion.misc
53785,rec.sport.hockey,comp.graphics
53787,rec.sport.hockey,rec.sport.hockey
53790,alt.atheism,alt.atheism
53792,alt.atheism,alt.atheism
53792,rec.sport.hockey,rec.sport.hockey
53795,alt.atheism,alt.atheism
53823,rec.sport.hockey,rec.sport.hockey
53827,rec.sport.hockey,rec.sport.hockey
53833,sci.electronics,sci.electronics
53835,rec.sport.hockey,rec.sport.hockey
53844,sci.electronics,sci.electronics
53845,sci.electronics,sci.electronics
53860,sci.electronics,sci.electronics
53865,rec.sport.hockey,rec.sport.hockey
53873,sci.electronics,comp.sys.ibm.pc.hardware
53875,rec.sport.hockey,rec.sport.hockey
53878,rec.sport.hockey,rec.sport.hockey
53880,rec.sport.hockey,rec.sport.hockey
53881,rec.sport.hockey,rec.sport.hockey
53882,rec.sport.hockey,rec.sport.hockey
53887,sci.electronics,misc.forsale
53888,sci.electronics,sci.electronics
53901,sci.electronics,sci.electronics
53902,sci.electronics,misc.forsale
53904,sci.electronics,sci.electronics
53909,rec.sport.hockey,rec.sport.hockey
53912,sci.electronics,sci.electronics
53918,sci.electronics,sci.electronics
53921,rec.sport.hockey,sci.electronics
53922,rec.sport.hockey,rec.sport.hockey
53923,sci.electronics,sci.electronics
53931,sci.electronics,sci.electronics
53941,sci.electronics,sci.electronics
53943,rec.sport.hockey,rec.sport.hockey
53945,sci.electronics,sci.electronics
53949,rec.sport.hockey,rec.sport.hockey
53963,rec.sport.hockey,rec.sport.hockey
53968,sci.electronics,sci.electronics
53972,sci.electronics,sci.electronics
53979,rec.sport.hockey,rec.sport.hockey
53981,rec.sport.hockey,rec.sport.hockey
53983,rec.sport.hockey,rec.sport.hockey
53984,sci.electronics,sci.electronics
53989,rec.sport.hockey,rec.sport.hockey
53989,sci.electronics,comp.sys.mac.hardware
53997,rec.sport.hockey,rec.sport.hockey
54003,rec.sport.hockey,rec.sport.hockey
54005,rec.sport.hockey,rec.sport.hockey
54006,sci.electronics,sci.electronics
54007,sci.electronics,sci.electronics
54013,rec.sport.hockey,rec.sport.hockey
54013,sci.electronics,sci.electronics
54016,sci.electronics,misc.forsale
54024,sci.electronics,sci.electronics
54027,rec.sport.hockey,rec.sport.hockey
54027,sci.electronics,sci.electronics
54030,sci.electronics,sci.electronics
54036,rec.sport.hockey,rec.sport.hockey
54041,sci.electronics,sci.electronics
54045,rec.sport.hockey,comp.graphics
54047,rec.sport.hockey,comp.graphics
54051,rec.sport.hockey,talk.politics.mideast
54053,rec.sport.hockey,rec.sport.hockey
54070,rec.sport.hockey,rec.sport.hockey
54084,rec.sport.hockey,rec.motorcycles
54092,rec.sport.hockey,rec.sport.hockey
54103,sci.electronics,sci.electronics
54111,sci.electronics,comp.windows.x
54120,talk.politics.guns,talk.politics.guns
54122,talk.politics.guns,talk.politics.guns
54123,rec.sport.hockey,misc.forsale
54127,talk.politics.guns,talk.politics.guns
54131,sci.electronics,sci.electronics
54135,alt.atheism,soc.religion.christian
54135,rec.sport.hockey,rec.sport.hockey
54136,alt.atheism,alt.atheism
54138,rec.sport.hockey,sci.crypt
54143,talk.politics.guns,talk.politics.guns
54144,alt.atheism,alt.atheism
54144,sci.electronics,sci.electronics
54149,talk.politics.guns,talk.politics.guns
54153,sci.electronics,comp.sys.mac.hardware
54156,talk.politics.guns,talk.politics.guns
54162,sci.electronics,sci.electronics
54163,sci.electronics,sci.electronics
54166,sci.electronics,comp.sys.ibm.pc.hardware
54167,talk.politics.guns,talk.politics.guns
54168,rec.sport.hockey,rec.sport.hockey
54168,talk.politics.guns,talk.politics.guns
54170,talk.politics.guns,talk.politics.guns
54172,sci.electronics,sci.electronics
54173,rec.sport.hockey,rec.sport.hockey
54178,alt.atheism,talk.religion.misc
54179,sci.electronics,sci.electronics
54180,rec.sport.hockey,rec.sport.hockey
54185,talk.politics.guns,talk.politics.guns
54195,rec.sport.hockey,rec.sport.hockey
54197,rec.sport.hockey,rec.sport.hockey
54201,alt.atheism,alt.atheism
54204,alt.atheism,comp.sys.mac.hardware
54209,sci.electronics,comp.sys.ibm.pc.hardware
54211,sci.electronics,comp.sys.mac.hardware
54213,talk.politics.guns,talk.politics.guns
54216,talk.politics.guns,talk.politics.guns
54218,talk.politics.guns,talk.politics.guns
54220,alt.atheism,alt.atheism
54221,talk.politics.guns,talk.politics.guns
54222,sci.electronics,comp.sys.mac.hardware
54227,rec.sport.hockey,rec.sport.hockey
54229,rec.sport.hockey,rec.sport.hockey
54236,alt.atheism,alt.atheism
54240,sci.electronics,sci.electronics
54241,talk.politics.guns,talk.politics.guns
54243,alt.atheism,alt.atheism
54243,sci.electronics,sci.electronics
54244,alt.atheism,alt.atheism
54247,rec.sport.hockey,rec.sport.hockey
54249,alt.atheism,sci.space
54249,rec.sport.hockey,rec.sport.hockey
54252,talk.politics.guns,talk.politics.guns
54254,alt.atheism,alt.atheism
54257,talk.politics.guns,talk.politics.guns
54263,rec.sport.hockey,rec.sport.hockey
54285,talk.politics.guns,rec.autos
54292,rec.sport.hockey,rec.sport.hockey
54293,sci.electronics,sci.electronics
54296,rec.sport.hockey,rec.sport.hockey
54303,talk.politics.guns,sci.crypt
54305,sci.electronics,talk.politics.mideast
54326,sci.electronics,sci.electronics
54328,talk.politics.guns,talk.politics.guns
54338,sci.electronics,sci.electronics
54338,talk.politics.guns,talk.politics.guns
54342,sci.electronics,sci.electronics
54347,sci.electronics,comp.sys.ibm.pc.hardware
54348,sci.electronics,sci.electronics
54369,talk.politics.guns,talk.politics.guns
54380,talk.politics.guns,comp.os.ms-windows.misc
54385,talk.politics.guns,talk.politics.guns
54387,talk.politics.guns,talk.politics.guns
54397,talk.politics.guns,talk.politics.guns
54405,talk.politics.guns,talk.politics.guns
54414,talk.politics.guns,talk.politics.guns
54418,talk.politics.guns,alt.atheism
54422,talk.politics.guns,talk.politics.guns
54428,talk.politics.guns,talk.politics.guns
54454,talk.politics.guns,sci.electronics
54463,talk.politics.guns,talk.politics.guns
54464,talk.politics.guns,talk.politics.guns
54466,talk.politics.guns,talk.politics.guns
54474,talk.politics.guns,talk.politics.guns
54478,rec.sport.hockey,rec.sport.hockey
54482,talk.politics.guns,talk.politics.guns
54488,sci.electronics,sci.electronics
54498,talk.politics.guns,alt.atheism
54499,sci.electronics,sci.electronics
54504,talk.politics.guns,rec.motorcycles
54507,rec.sport.hockey,rec.sport.hockey
54514,talk.politics.guns,talk.politics.guns
54516,talk.politics.guns,talk.politics.guns
54518,rec.sport.hockey,soc.religion.christian
54537,talk.politics.guns,talk.politics.guns
54543,talk.politics.guns,talk.politics.guns
54553,rec.sport.hockey,rec.sport.hockey
54555,rec.sport.hockey,rec.sport.hockey
54558,talk.politics.guns,talk.politics.guns
54559,talk.politics.guns,comp.os.ms-windows.misc
54562,rec.sport.hockey,rec.sport.baseball
54562,talk.politics.guns,talk.politics.guns
54564,alt.atheism,soc.religion.christian
54565,talk.politics.guns,talk.politics.guns
54567,talk.politics.guns,talk.politics.guns
54569,talk.politics.guns,talk.politics.guns
54571,talk.politics.guns,talk.politics.guns
54583,talk.politics.guns,talk.politics.guns
54584,talk.politics.guns,talk.politics.guns
54588,talk.politics.guns,talk.politics.guns
54597,talk.politics.guns,talk.politics.guns
54598,talk.politics.guns,talk.politics.guns
54614,talk.politics.guns,talk.politics.guns
54619,talk.politics.guns,talk.politics.guns
54620,talk.politics.guns,talk.politics.guns
54628,talk.politics.guns,talk.politics.guns
54630,talk.politics.guns,talk.politics.guns
54642,talk.politics.guns,talk.politics.guns
54663,talk.politics.guns,talk.politics.guns
54671,talk.politics.guns,talk.politics.misc
54703,talk.politics.guns,talk.politics.guns
54706,rec.sport.hockey,rec.sport.hockey
54716,rec.sport.hockey,rec.sport.hockey
54718,rec.sport.hockey,rec.sport.baseball
54718,talk.politics.guns,talk.politics.guns
54719,rec.sport.hockey,rec.sport.hockey
54727,talk.politics.guns,talk.politics.guns
54728,rec.sport.hockey,rec.sport.hockey
54730,rec.sport.hockey,rec.sport.hockey
54731,talk.politics.guns,talk.politics.guns
54733,talk.politics.guns,talk.politics.guns
54737,rec.sport.hockey,rec.sport.hockey
54742,rec.sport.hockey,rec.sport.hockey
54745,talk.politics.guns,comp.graphics
54751,talk.politics.guns,talk.politics.guns
54754,talk.politics.guns,talk.religion.misc
54759,rec.sport.hockey,rec.sport.hockey
54772,rec.sport.hockey,rec.sport.hockey
54822,talk.politics.guns,talk.politics.guns
54837,talk.politics.guns,talk.politics.guns
54843,talk.politics.guns,talk.politics.guns
54852,talk.politics.guns,rec.sport.baseball
54858,talk.politics.guns,talk.politics.guns
54859,talk.politics.guns,talk.politics.guns
54870,talk.politics.guns,talk.politics.guns
54883,talk.politics.guns,talk.politics.guns
54907,talk.politics.guns,comp.windows.x
54916,talk.politics.guns,talk.politics.guns
55055,talk.politics.guns,talk.politics.guns
55077,talk.politics.guns,talk.politics.guns
55084,talk.politics.guns,talk.politics.guns
55086,talk.politics.guns,talk.politics.guns
55094,talk.politics.guns,talk.politics.guns
55106,talk.politics.guns,talk.politics.guns
55115,talk.politics.guns,talk.politics.guns
55259,talk.politics.guns,talk.politics.guns
55269,talk.politics.guns,soc.religion.christian
55276,talk.politics.guns,talk.politics.guns
55484,talk.politics.guns,talk.politics.guns
58049,sci.med,sci.med
58073,sci.med,sci.med
58080,sci.med,comp.graphics
58084,sci.med,sci.med
58113,sci.med,sci.med
58118,sci.med,sci.med
58119,sci.med,sci.med
58134,sci.med,sci.med
58137,sci.med,sci.med
58144,sci.med,sci.med
58149,sci.med,sci.med
58772,sci.med,sci.med
58780,sci.med,sci.med
58783,sci.med,sci.med
58787,sci.med,sci.med
58793,sci.med,sci.med
58822,sci.med,sci.med
58826,comp.sys.ibm.pc.hardware,sci.electronics
58828,sci.med,sci.med
58835,sci.med,sci.med
58838,sci.med,sci.med
58851,sci.med,sci.med
58858,sci.med,sci.med
58859,sci.med,sci.electronics
58862,sci.med,comp.graphics
58869,sci.med,sci.med
58871,sci.med,comp.os.ms-windows.misc
58877,sci.med,sci.med
58892,sci.med,comp.windows.x
58898,sci.med,sci.med
58906,sci.med,sci.med
58907,sci.med,sci.med
58910,sci.med,sci.med
58913,comp.sys.ibm.pc.hardware,comp.sys.ibm.pc.hardware
58919,comp.sys.ibm.pc.hardware,sci.electronics
58923,comp.sys.ibm.pc.hardware,comp.sys.ibm.pc.hardware
58948,sci.med,rec.motorcycles
58951,sci.med,sci.med
58958,sci.med,sci.med
58964,sci.med,rec.sport.hockey
58968,sci.med,sci.med
58975,comp.sys.ibm.pc.hardware,comp.sys.ibm.pc.hardware
58977,comp.sys.ibm.pc.hardware,comp.windows.x
58984,sci.med,sci.med
58991,sci.med,sci.med
58992,sci.med,talk.religion.misc
59002,comp.sys.ibm.pc.hardware,comp.sys.ibm.pc.hardware
59018,sci.med,sci.med
59027,sci.med,sci.med
59034,sci.med,sci.med
59035,sci.med,sci.med
59038,sci.med,sci.med
59050,sci.med,sci.med
59057,sci.med,sci.med
59074,sci.med,sci.med
59088,sci.med,comp.graphics
59106,sci.med,sci.med
59150,sci.med,sci.med
59160,sci.med,sci.med
59202,sci.med,sci.med
59208,sci.med,sci.med
59211,sci.med,sci.med
59217,sci.med,sci.med
59228,sci.med,sci.med
59243,sci.med,sci.med
59245,sci.med,talk.politics.mideast
59246,sci.med,sci.med
59258,sci.med,sci.med
59273,sci.med,sci.med
59274,sci.med,sci.med
59295,sci.med,sci.med
59300,sci.med,talk.religion.misc
59311,sci.med,sci.electronics
59341,sci.med,sci.med
59364,sci.med,sci.med
59375,sci.med,sci.med
59398,sci.med,comp.sys.mac.hardware
59407,sci.med,sci.med
59428,sci.med,sci.med
59436,sci.med,sci.med
59446,sci.med,sci.med
59460,sci.med,sci.med
59461,sci.med,sci.med
59462,sci.med,sci.med
59479,sci.med,sci.med
59494,sci.med,comp.sys.ibm.pc.hardware
59497,sci.med,sci.med
59520,sci.med,rec.sport.baseball
59526,sci.med,comp.sys.ibm.pc.hardware
59532,sci.med,comp.windows.x
59536,sci.med,sci.med
59545,sci.med,sci.electronics
59548,sci.med,sci.med
59555,sci.med,soc.religion.christian
59568,sci.med,sci.med
59579,sci.med,sci.electronics
59581,sci.med,sci.med
59597,sci.med,alt.atheism
59604,sci.med,sci.med
59605,sci.med,sci.med
59617,sci.med,sci.med
59627,sci.med,sci.med
59849,sci.space,sci.space
59909,sci.space,sci.space
60142,comp.sys.ibm.pc.hardware,comp.os.ms-windows.misc
60151,sci.space,sci.space
60152,comp.sys.ibm.pc.hardware,comp.sys.ibm.pc.hardware
60159,comp.sys.ibm.pc.hardware,comp.sys.ibm.pc.hardware
60161,comp.sys.ibm.pc.hardware,comp.sys.ibm.pc.hardware
60161,sci.space,sci.space
60166,sci.space,sci.space
60177,comp.sys.ibm.pc.hardware,comp.os.ms-windows.misc
60179,sci.space,sci.space
60187,sci.space,sci.space
60195,sci.space,sci.space
60203,comp.sys.ibm.pc.hardware,comp.sys.ibm.pc.hardware
60203,sci.space,sci.space
60215,comp.sys.ibm.pc.hardware,comp.graphics
60220,comp.sys.ibm.pc.hardware,comp.sys.ibm.pc.hardware
60230,sci.space,sci.space
60237,sci.space,sci.space
60265,comp.sys.ibm.pc.hardware,comp.graphics
60269,comp.sys.ibm.pc.hardware,comp.os.ms-windows.misc
60278,comp.sys.ibm.pc.hardware,comp.sys.ibm.pc.hardware
60291,comp.sys.ibm.pc.hardware,comp.sys.ibm.pc.hardware
60305,comp.sys.ibm.pc.hardware,comp.sys.ibm.pc.hardware
60355,comp.sys.ibm.pc.hardware,comp.sys.ibm.pc.hardware
60364,comp.sys.ibm.pc.hardware,comp.sys.ibm.pc.hardware
60368,comp.sys.ibm.pc.hardware,comp.sys.ibm.pc.hardware
60369,comp.sys.ibm.pc.hardware,comp.sys.ibm.pc.hardware
60372,comp.sys.ibm.pc.hardware,comp.sys.ibm.pc.hardware
60388,comp.sys.ibm.pc.hardware,comp.sys.ibm.pc.hardware
60391,comp.sys.ibm.pc.hardware,misc.forsale
60392,comp.sys.ibm.pc.hardware,comp.sys.ibm.pc.hardware
60398,comp.sys.ibm.pc.hardware,misc.forsale
60400,comp.sys.ibm.pc.hardware,sci.space
60416,comp.sys.ibm.pc.hardware,comp.sys.ibm.pc.hardware
60434,comp.sys.ibm.pc.hardware,comp.sys.mac.hardware
60442,comp.sys.ibm.pc.hardware,comp.sys.ibm.pc.hardware
60458,comp.sys.ibm.pc.hardware,comp.sys.ibm.pc.hardware
60467,comp.sys.ibm.pc.hardware,comp.sys.ibm.pc.hardware
60471,comp.sys.ibm.pc.hardware,misc.forsale
60486,comp.sys.ibm.pc.hardware,comp.sys.mac.hardware
60508,comp.sys.ibm.pc.hardware,comp.graphics
60514,comp.sys.ibm.pc.hardware,comp.sys.ibm.pc.hardware
60520,comp.sys.ibm.pc.hardware,comp.sys.ibm.pc.hardware
60522,comp.sys.ibm.pc.hardware,comp.sys.ibm.pc.hardware
60523,comp.sys.ibm.pc.hardware,sci.electronics
60537,comp.sys.ibm.pc.hardware,comp.sys.ibm.pc.hardware
60544,comp.sys.ibm.pc.hardware,comp.sys.ibm.pc.hardware
60550,comp.sys.ibm.pc.hardware,comp.os.ms-windows.misc
60553,comp.sys.ibm.pc.hardware,comp.sys.ibm.pc.hardware
60558,comp.sys.ibm.pc.hardware,comp.sys.ibm.pc.hardware
60567,comp.sys.ibm.pc.hardware,comp.sys.ibm.pc.hardware
60575,comp.sys.ibm.pc.hardware,alt.atheism
60664,comp.sys.ibm.pc.hardware,comp.sys.ibm.pc.hardware
60667,comp.sys.ibm.pc.hardware,comp.sys.ibm.pc.hardware
60669,comp.sys.ibm.pc.hardware,rec.sport.baseball
60670,comp.sys.ibm.pc.hardware,comp.os.ms-windows.misc
60689,comp.sys.ibm.pc.hardware,comp.os.ms-windows.misc
60695,comp.sys.ibm.pc.hardware,comp.sys.ibm.pc.hardware
60718,comp.sys.ibm.pc.hardware,comp.sys.mac.hardware
60722,comp.sys.ibm.pc.hardware,comp.sys.ibm.pc.hardware
60733,comp.sys.ibm.pc.hardware,comp.os.ms-windows.misc
60736,comp.sys.ibm.pc.hardware,comp.sys.ibm.pc.hardware
60751,comp.sys.ibm.pc.hardware,comp.sys.ibm.pc.hardware
60752,comp.sys.ibm.pc.hardware,soc.religion.christian
60754,comp.sys.ibm.pc.hardware,comp.sys.ibm.pc.hardware
60771,sci.space,sci.space
60774,sci.space,sci.space
60775,comp.sys.ibm.pc.hardware,comp.sys.ibm.pc.hardware
60776,comp.sys.ibm.pc.hardware,comp.sys.ibm.pc.hardware
60788,sci.space,sci.space
60797,sci.space,sci.space
60799,sci.space,sci.space
60805,comp.sys.ibm.pc.hardware,comp.sys.ibm.pc.hardware
60807,comp.sys.ibm.pc.hardware,comp.sys.ibm.pc.hardware
60815,comp.sys.ibm.pc.hardware,comp.sys.ibm.pc.hardware
60820,sci.space,sci.space
60821,sci.space,sci.space
60824,sci.space,sci.space
60826,sci.space,sci.space
60837,sci.space,sci.space
60838,comp.sys.ibm.pc.hardware,sci.crypt
60841,comp.sys.ibm.pc.hardware,comp.sys.ibm.pc.hardware
60846,comp.sys.ibm.pc.hardware,comp.sys.ibm.pc.hardware
60847,sci.space,sci.space
60851,sci.space,sci.space
60862,sci.space,sci.space
60864,sci.space,sci.space
60865,sci.space,sci.space
60873,comp.sys.ibm.pc.hardware,comp.sys.ibm.pc.hardware
60887,comp.sys.ibm.pc.hardware,comp.sys.ibm.pc.hardware
60894,comp.sys.ibm.pc.hardware,comp.sys.ibm.pc.hardware
60894,sci.space,sci.space
60895,sci.space,sci.space
60899,sci.space,sci.space
60903,comp.sys.ibm.pc.hardware,comp.sys.ibm.pc.hardware
60907,comp.sys.ibm.pc.hardware,comp.windows.x
60910,comp.sys.ibm.pc.hardware,comp.sys.ibm.pc.hardware
60913,comp.sys.ibm.pc.hardware,misc.forsale
60925,sci.space,sci.space
60931,comp.sys.ibm.pc.hardware,comp.sys.ibm.pc.hardware
60932,comp.sys.ibm.pc.hardware,comp.sys.ibm.pc.hardware
60933,sci.space,sci.space
60947,comp.sys.ibm.pc.hardware,comp.sys.ibm.pc.hardware
60950,sci.space,sci.space
60951,sci.space,sci.space
60952,sci.space,sci.space
60959,comp.sys.ibm.pc.hardware,soc.religion.christian
60963,sci.space,rec.sport.baseball
60966,comp.sys.ibm.pc.hardware,comp.sys.ibm.pc.hardware
60984,comp.sys.ibm.pc.hardware,comp.sys.ibm.pc.hardware
60988,comp.sys.ibm.pc.hardware,comp.sys.ibm.pc.hardware
60994,comp.sys.ibm.pc.hardware,comp.sys.mac.hardware
61002,comp.sys.ibm.pc.hardware,rec.autos
61002,sci.space,sci.space
61005,comp.sys.ibm.pc.hardware,comp.sys.ibm.pc.hardware
61014,comp.sys.ibm.pc.hardware,comp.sys.ibm.pc.hardware
61018,comp.sys.ibm.pc.hardware,comp.windows.x
61019,sci.space,sci.space
61024,sci.space,sci.space
61026,sci.space,sci.space
61030,comp.sys.ibm.pc.hardware,comp.sys.ibm.pc.hardware
61032,comp.sys.ibm.pc.hardware,comp.sys.ibm.pc.hardware
61034,sci.space,sci.space
61039,comp.sys.ibm.pc.hardware,misc.forsale
61050,sci.space,sci.space
61055,comp.sys.ibm.pc.hardware,comp.sys.mac.hardware
61056,comp.sys.ibm.pc.hardware,comp.sys.ibm.pc.hardware
61059,sci.space,rec.autos
61061,sci.space,talk.politics.misc
61062,comp.sys.ibm.pc.hardware,comp.sys.ibm.pc.hardware
61073,sci.space,sci.space
61079,sci.space,sci.space
61080,sci.space,sci.space
61089,sci.space,sci.electronics
61092,comp.sys.ibm.pc.hardware,comp.sys.ibm.pc.hardware
61093,sci.space,sci.space
61110,sci.space,sci.space
61120,comp.sys.ibm.pc.hardware,comp.sys.ibm.pc.hardware
61123,comp.sys.ibm.pc.hardware,comp.sys.mac.hardware
61134,comp.sys.ibm.pc.hardware,comp.sys.ibm.pc.hardware
61135,comp.sys.ibm.pc.hardware,comp.sys.ibm.pc.hardware
61144,sci.space,alt.atheism
61148,comp.sys.ibm.pc.hardware,comp.sys.ibm.pc.hardware
61150,sci.space,sci.space
61160,comp.sys.ibm.pc.hardware,comp.sys.ibm.pc.hardware
61163,sci.space,sci.space
61166,sci.space,sci.space
61169,sci.space,sci.space
61173,sci.space,talk.politics.misc
61193,sci.space,sci.space
61197,sci.space,sci.space
61206,sci.space,sci.space
61215,sci.space,sci.space
61216,sci.space,talk.politics.guns
61270,sci.space,sci.space
61274,sci.space,sci.space
61277,sci.space,sci.space
61289,sci.space,sci.space
61302,sci.space,sci.space
61306,sci.space,sci.space
61318,sci.space,sci.space
61321,sci.space,sci.space
61327,sci.space,sci.space
61329,sci.space,misc.forsale
61365,sci.space,sci.space
61385,sci.space,comp.windows.x
61386,sci.space,sci.space
61387,sci.space,sci.space
61401,sci.space,sci.space
61412,sci.space,sci.space
61420,sci.space,sci.space
61430,sci.space,sci.space
61437,sci.space,sci.space
61439,sci.space,sci.space
61475,sci.space,sci.space
61483,sci.space,sci.space
61492,sci.space,sci.space
61493,sci.space,sci.space
61497,sci.space,sci.space
61508,sci.space,sci.space
61522,sci.space,sci.space
61526,sci.space,sci.med
61547,sci.space,sci.space
61548,sci.space,comp.windows.x
61549,sci.space,sci.space
62117,sci.space,sci.space
62373,sci.space,sci.space
62404,sci.space,soc.religion.christian
62454,sci.space,rec.sport.baseball
62455,sci.space,comp.graphics
62481,sci.space,sci.space
62615,sci.space,comp.sys.mac.hardware
66398,comp.windows.x,comp.sys.mac.hardware
66403,comp.windows.x,comp.sys.mac.hardware
66409,comp.windows.x,comp.windows.x
66416,comp.windows.x,comp.graphics
66425,comp.windows.x,comp.windows.x
66457,comp.windows.x,comp.windows.x
66461,comp.windows.x,comp.windows.x
66467,comp.windows.x,comp.windows.x
66868,comp.windows.x,comp.windows.x
66873,comp.windows.x,sci.electronics
66894,comp.windows.x,comp.graphics
66903,comp.windows.x,comp.windows.x
66920,comp.windows.x,comp.os.ms-windows.misc
66924,comp.windows.x,comp.windows.x
66926,comp.windows.x,comp.windows.x
66939,comp.windows.x,comp.windows.x
66941,comp.windows.x,comp.os.ms-windows.misc
66946,comp.windows.x,comp.sys.mac.hardware
66959,comp.windows.x,rec.sport.baseball
66967,comp.windows.x,sci.electronics
66987,comp.windows.x,comp.windows.x
67008,comp.windows.x,comp.windows.x
67010,comp.windows.x,comp.windows.x
67021,comp.windows.x,comp.windows.x
67028,comp.windows.x,comp.windows.x
67029,comp.windows.x,comp.windows.x
67037,comp.windows.x,comp.windows.x
67051,comp.windows.x,comp.windows.x
67054,comp.windows.x,comp.windows.x
67056,comp.windows.x,rec.sport.baseball
67062,comp.windows.x,comp.os.ms-windows.misc
67067,comp.windows.x,comp.windows.x
67074,comp.windows.x,comp.os.ms-windows.misc
67096,comp.windows.x,comp.sys.ibm.pc.hardware
67099,comp.windows.x,comp.windows.x
67101,comp.windows.x,comp.windows.x
67104,comp.windows.x,comp.windows.x
67105,comp.windows.x,comp.sys.mac.hardware
67108,comp.windows.x,comp.sys.ibm.pc.hardware
67120,comp.windows.x,comp.windows.x
67134,comp.windows.x,comp.windows.x
67159,comp.windows.x,comp.windows.x
67166,comp.windows.x,comp.windows.x
67171,comp.windows.x,comp.graphics
67191,comp.windows.x,comp.windows.x
67193,comp.windows.x,comp.sys.ibm.pc.hardware
67195,comp.windows.x,comp.windows.x
67223,comp.windows.x,comp.sys.mac.hardware
67224,comp.windows.x,comp.graphics
67281,comp.windows.x,comp.windows.x
67292,comp.windows.x,comp.windows.x
67308,comp.windows.x,comp.windows.x
67312,comp.windows.x,rec.autos
67318,comp.windows.x,comp.windows.x
67328,comp.windows.x,comp.os.ms-windows.misc
67332,comp.windows.x,comp.os.ms-windows.misc
67341,comp.windows.x,comp.windows.x
67342,comp.windows.x,comp.windows.x
67345,comp.windows.x,comp.sys.ibm.pc.hardware
67348,comp.windows.x,comp.windows.x
67358,comp.windows.x,comp.windows.x
67362,comp.windows.x,comp.windows.x
67366,comp.windows.x,comp.graphics
67368,comp.windows.x,comp.os.ms-windows.misc
67369,comp.windows.x,comp.windows.x
67374,comp.windows.x,comp.windows.x
67384,comp.windows.x,comp.windows.x
67387,comp.windows.x,rec.autos
67406,comp.windows.x,comp.windows.x
67408,comp.windows.x,comp.windows.x
67410,comp.windows.x,comp.windows.x
67423,comp.windows.x,comp.sys.mac.hardware
67450,comp.windows.x,comp.windows.x
67467,comp.windows.x,comp.windows.x
67479,comp.windows.x,comp.windows.x
67496,comp.windows.x,comp.windows.x
67504,comp.windows.x,comp.windows.x
67519,comp.windows.x,comp.windows.x
67530,comp.windows.x,comp.os.ms-windows.misc
67545,comp.windows.x,comp.windows.x
67883,comp.windows.x,comp.windows.x
67974,comp.windows.x,comp.windows.x
67981,comp.windows.x,comp.graphics
67989,comp.windows.x,comp.windows.x
68000,comp.windows.x,comp.windows.x
68011,comp.windows.x,comp.windows.x
68047,comp.windows.x,comp.os.ms-windows.misc
68069,comp.windows.x,comp.windows.x
68082,comp.windows.x,comp.graphics
68088,comp.windows.x,comp.windows.x
68110,comp.windows.x,comp.windows.x
68113,comp.windows.x,comp.windows.x
68115,comp.windows.x,comp.sys.mac.hardware
68116,comp.windows.x,comp.graphics
68138,comp.windows.x,comp.windows.x
68195,comp.windows.x,comp.graphics
68198,comp.windows.x,comp.windows.x
68199,comp.windows.x,comp.windows.x
68200,comp.windows.x,comp.windows.x
68201,comp.windows.x,comp.windows.x
68209,comp.windows.x,comp.graphics
68213,comp.windows.x,comp.graphics
68226,comp.windows.x,comp.windows.x
68240,comp.windows.x,comp.os.ms-windows.misc
68248,comp.windows.x,misc.forsale
68302,comp.windows.x,comp.windows.x
68303,comp.windows.x,comp.windows.x
68314,comp.windows.x,comp.windows.x
68327,comp.windows.x,comp.graphics
74728,misc.forsale,misc.forsale
74735,misc.forsale,misc.forsale
74738,misc.forsale,misc.forsale
74755,misc.forsale,comp.windows.x
74758,misc.forsale,misc.forsale
74765,misc.forsale,misc.forsale
74787,misc.forsale,misc.forsale
74807,misc.forsale,comp.os.ms-windows.misc
74810,misc.forsale,rec.autos
74811,misc.forsale,misc.forsale
74815,misc.forsale,talk.politics.mideast
74823,misc.forsale,misc.forsale
74829,misc.forsale,comp.sys.ibm.pc.hardware
75390,talk.politics.mideast,talk.politics.mideast
75398,talk.politics.mideast,talk.politics.mideast
75400,talk.politics.mideast,talk.politics.mideast
75402,talk.politics.mideast,talk.politics.mideast
75406,talk.politics.mideast,talk.politics.mideast
75412,talk.politics.mideast,talk.politics.mideast
75842,misc.forsale,misc.forsale
75845,misc.forsale,rec.autos
75846,misc.forsale,misc.forsale
75847,misc.forsale,misc.forsale
75851,misc.forsale,misc.forsale
75853,misc.forsale,misc.forsale
75863,misc.forsale,sci.med
75887,misc.forsale,misc.forsale
75887,talk.politics.mideast,talk.politics.mideast
75888,talk.politics.mideast,talk.politics.mideast
75893,talk.politics.mideast,talk.politics.mideast
75896,talk.politics.mideast,talk.politics.mideast
75897,misc.forsale,misc.forsale
75904,talk.politics.mideast,talk.politics.mideast
75909,misc.forsale,misc.forsale
75912,talk.politics.mideast,talk.politics.mideast
75916,talk.politics.mideast,talk.politics.mideast
75918,misc.forsale,rec.motorcycles
75922,misc.forsale,misc.forsale
75936,misc.forsale,comp.windows.x
75937,misc.forsale,sci.electronics
75943,talk.politics.mideast,talk.politics.mideast
75951,misc.forsale,misc.forsale
75957,talk.politics.mideast,talk.politics.mideast
75963,talk.politics.mideast,comp.windows.x
75965,misc.forsale,misc.forsale
75970,misc.forsale,misc.forsale
75971,misc.forsale,misc.forsale
75971,talk.politics.mideast,talk.politics.mideast
75973,misc.forsale,misc.forsale
75980,misc.forsale,misc.forsale
75982,misc.forsale,misc.forsale
75994,misc.forsale,misc.forsale
76013,talk.politics.mideast,talk.politics.mideast
76014,talk.politics.mideast,talk.politics.mideast
76018,misc.forsale,misc.forsale
76019,talk.politics.mideast,talk.politics.mideast
76022,talk.politics.mideast,talk.politics.mideast
76031,talk.politics.mideast,talk.politics.mideast
76032,talk.politics.mideast,talk.politics.mideast
76040,misc.forsale,misc.forsale
76055,misc.forsale,comp.sys.ibm.pc.hardware
76061,misc.forsale,comp.windows.x
76062,misc.forsale,misc.forsale
76065,talk.politics.mideast,rec.sport.hockey
76079,talk.politics.mideast,talk.politics.mideast
76087,misc.forsale,misc.forsale
76090,talk.politics.mideast,talk.politics.mideast
76092,talk.politics.mideast,talk.politics.mideast
76107,misc.forsale,talk.politics.mideast
76113,talk.politics.mideast,talk.politics.mideast
76114,talk.politics.mideast,talk.politics.mideast
76116,talk.politics.mideast,talk.politics.mideast
76120,misc.forsale,misc.forsale
76134,talk.politics.mideast,talk.politics.mideast
76135,misc.forsale,misc.forsale
76156,talk.politics.mideast,talk.politics.mideast
76163,misc.forsale,misc.forsale
76168,talk.politics.mideast,talk.politics.mideast
76179,misc.forsale,rec.autos
76179,talk.politics.mideast,talk.politics.mideast
76180,talk.politics.mideast,comp.graphics
76186,talk.politics.mideast,talk.politics.mideast
76187,misc.forsale,rec.autos
76189,talk.politics.mideast,talk.politics.mideast
76193,misc.forsale,misc.forsale
76194,talk.politics.mideast,talk.politics.mideast
76200,talk.politics.mideast,talk.politics.mideast
76207,misc.forsale,comp.sys.ibm.pc.hardware
76208,misc.forsale,misc.forsale
76217,misc.forsale,misc.forsale
76217,talk.politics.mideast,talk.politics.mideast
76219,misc.forsale,misc.forsale
76220,talk.politics.mideast,talk.politics.mideast
76225,talk.politics.mideast,talk.politics.mideast
76232,misc.forsale,misc.forsale
76236,misc.forsale,misc.forsale
76244,misc.forsale,misc.forsale
76244,talk.politics.mideast,talk.politics.mideast
76249,talk.politics.mideast,talk.politics.mideast
76255,misc.forsale,misc.forsale
76267,talk.politics.mideast,talk.politics.misc
76277,misc.forsale,misc.forsale
76278,misc.forsale,misc.forsale
76293,talk.politics.mideast,talk.politics.mideast
76302,misc.forsale,misc.forsale
76305,misc.forsale,misc.forsale
76306,talk.politics.mideast,talk.politics.mideast
76316,misc.forsale,misc.forsale
76318,talk.politics.mideast,talk.politics.mideast
76320,misc.forsale,misc.forsale
76320,talk.politics.mideast,talk.politics.mideast
76322,misc.forsale,comp.graphics
76325,misc.forsale,misc.forsale
76332,talk.politics.mideast,talk.politics.mideast
76343,talk.politics.mideast,talk.politics.mideast
76344,misc.forsale,misc.forsale
76373,talk.politics.mideast,comp.windows.x
76379,talk.politics.mideast,talk.politics.mideast
76380,misc.forsale,misc.forsale
76382,misc.forsale,misc.forsale
76385,talk.politics.mideast,talk.politics.mideast
76404,talk.politics.mideast,misc.forsale
76407,talk.politics.mideast,talk.politics.mideast
76415,misc.forsale,misc.forsale
76422,misc.forsale,misc.forsale
76426,misc.forsale,misc.forsale
76431,talk.politics.mideast,talk.politics.mideast
76432,talk.politics.mideast,talk.politics.mideast
76446,misc.forsale,misc.forsale
76446,talk.politics.mideast,talk.politics.mideast
76460,misc.forsale,misc.forsale
76460,talk.politics.mideast,talk.politics.mideast
76462,misc.forsale,comp.sys.mac.hardware
76463,talk.politics.mideast,talk.politics.mideast
76466,misc.forsale,misc.forsale
76467,talk.politics.mideast,talk.politics.mideast
76468,talk.politics.mideast,talk.politics.mideast
76469,talk.politics.mideast,talk.politics.mideast
76473,misc.forsale,comp.graphics
76473,talk.politics.mideast,talk.politics.mideast
76478,talk.politics.mideast,talk.politics.mideast
76485,misc.forsale,misc.forsale
76487,talk.politics.mideast,talk.politics.mideast
76488,misc.forsale,misc.forsale
76490,misc.forsale,misc.forsale
76490,talk.politics.mideast,talk.politics.mideast
76493,misc.forsale,misc.forsale
76495,talk.politics.mideast,talk.politics.mideast
76501,misc.forsale,comp.windows.x
76505,talk.politics.mideast,talk.politics.mideast
76507,talk.politics.mideast,talk.politics.mideast
76510,talk.politics.mideast,comp.sys.ibm.pc.hardware
76511,talk.politics.mideast,talk.politics.mideast
76514,misc.forsale,misc.forsale
76534,talk.politics.mideast,talk.politics.mideast
76535,talk.politics.mideast,talk.politics.mideast
76538,talk.politics.mideast,misc.forsale
76540,talk.politics.mideast,talk.politics.mideast
76546,misc.forsale,misc.forsale
76577,misc.forsale,misc.forsale
76578,misc.forsale,misc.forsale
76581,misc.forsale,misc.forsale
76585,misc.forsale,misc.forsale
76590,misc.forsale,misc.forsale
76591,misc.forsale,misc.forsale
76592,misc.forsale,misc.forsale
76595,misc.forsale,misc.forsale
76607,misc.forsale,misc.forsale
76668,misc.forsale,rec.sport.baseball
76671,misc.forsale,misc.forsale
76781,misc.forsale,misc.forsale
76801,misc.forsale,misc.forsale
76819,misc.forsale,misc.forsale
76830,misc.forsale,rec.sport.baseball
76844,misc.forsale,misc.forsale
76859,misc.forsale,sci.electronics
76937,misc.forsale,misc.forsale
76941,misc.forsale,misc.forsale
77194,talk.politics.mideast,talk.politics.mideast
77260,talk.politics.mideast,talk.politics.mideast
77274,talk.politics.mideast,talk.politics.mideast
77277,talk.politics.mideast,sci.electronics
77297,talk.politics.mideast,talk.politics.mideast
77304,talk.politics.mideast,talk.politics.mideast
77337,talk.politics.mideast,talk.politics.mideast
77340,talk.politics.mideast,talk.politics.mideast
77343,talk.politics.mideast,talk.politics.mideast
77344,talk.politics.mideast,talk.politics.mideast
77369,talk.politics.mideast,talk.politics.mideast
77370,talk.politics.mideast,talk.politics.mideast
77375,talk.politics.mideast,talk.politics.mideast
77399,talk.politics.mideast,soc.religion.christian
77805,talk.politics.mideast,talk.politics.mideast
77813,talk.politics.mideast,comp.windows.x
77850,talk.politics.mideast,talk.politics.mideast
82774,talk.religion.misc,comp.sys.ibm.pc.hardware
82784,talk.religion.misc,alt.atheism
82812,talk.religion.misc,talk.religion.misc
82814,talk.religion.misc,soc.religion.christian
83453,talk.religion.misc,soc.religion.christian
83456,talk.religion.misc,rec.autos
83469,talk.religion.misc,talk.religion.misc
83471,talk.religion.misc,talk.religion.misc
83479,talk.religion.misc,alt.atheism
83482,talk.religion.misc,talk.religion.misc
83494,talk.religion.misc,talk.religion.misc
83497,talk.religion.misc,talk.religion.misc
83517,talk.religion.misc,talk.religion.misc
83523,talk.religion.misc,soc.religion.christian
83561,talk.religion.misc,soc.religion.christian
83562,talk.religion.misc,talk.religion.misc
83594,talk.religion.misc,talk.religion.misc
83622,talk.religion.misc,alt.atheism
83629,talk.religion.misc,talk.religion.misc
83673,talk.religion.misc,talk.religion.misc
83680,talk.religion.misc,talk.religion.misc
83706,talk.religion.misc,talk.politics.guns
83719,talk.religion.misc,talk.religion.misc
83732,talk.religion.misc,talk.religion.misc
83744,talk.religion.misc,talk.religion.misc
83776,talk.religion.misc,sci.electronics
83786,talk.religion.misc,talk.religion.misc
83788,talk.religion.misc,talk.religion.misc
83801,talk.religion.misc,talk.religion.misc
83803,talk.religion.misc,talk.religion.misc
83805,talk.religion.misc,talk.religion.misc
83892,talk.religion.misc,talk.religion.misc
83901,talk.religion.misc,soc.religion.christian
83902,talk.religion.misc,talk.religion.misc
83915,talk.religion.misc,talk.religion.misc
83968,talk.religion.misc,rec.motorcycles
84014,talk.religion.misc,talk.religion.misc
84024,talk.religion.misc,talk.religion.misc
84057,talk.religion.misc,talk.religion.misc
84058,talk.religion.misc,alt.atheism
84061,talk.religion.misc,talk.religion.misc
84063,talk.religion.misc,soc.religion.christian
84067,talk.religion.misc,alt.atheism
84072,talk.religion.misc,rec.sport.baseball
84082,talk.religion.misc,talk.religion.misc
84091,talk.religion.misc,talk.religion.misc
84121,talk.religion.misc,talk.politics.guns
84133,talk.religion.misc,talk.religion.misc
84149,talk.religion.misc,talk.religion.misc
84157,talk.religion.misc,talk.religion.misc
84164,talk.religion.misc,talk.religion.misc
84193,talk.religion.misc,talk.religion.misc
84212,talk.religion.misc,talk.religion.misc
84213,talk.religion.misc,talk.religion.misc
84218,talk.religion.misc,sci.med
84235,talk.religion.misc,talk.religion.misc
84244,talk.religion.misc,talk.religion.misc
84257,talk.religion.misc,talk.religion.misc
84276,talk.religion.misc,talk.religion.misc
84279,talk.religion.misc,sci.electronics
84282,talk.religion.misc,talk.religion.misc
84284,talk.religion.misc,talk.religion.misc
84301,talk.religion.misc,talk.religion.misc
84331,talk.religion.misc,talk.religion.misc
84349,talk.religion.misc,soc.religion.christian
84430,talk.religion.misc,talk.religion.misc
84507,talk.religion.misc,talk.religion.misc
84508,talk.religion.misc,talk.politics.mideast
84563,talk.religion.misc,talk.religion.misc
101552,rec.autos,rec.motorcycles
101556,rec.autos,comp.graphics
101557,rec.autos,sci.electronics
101558,rec.autos,rec.autos
101559,rec.autos,rec.autos
101561,rec.autos,rec.autos
101562,rec.autos,sci.electronics
101588,rec.autos,rec.autos
101608,rec.autos,rec.autos
101610,rec.autos,rec.autos
101619,rec.autos,rec.autos
101626,rec.autos,rec.autos
101633,rec.autos,rec.autos
101661,rec.autos,rec.autos
101666,rec.autos,rec.autos
101679,rec.autos,rec.autos
102585,rec.sport.baseball,rec.sport.hockey
102598,rec.sport.baseball,rec.sport.baseball
102631,rec.sport.baseball,rec.sport.baseball
102647,rec.sport.baseball,rec.sport.baseball
102650,rec.sport.baseball,rec.sport.baseball
102661,rec.sport.baseball,rec.sport.baseball
102666,rec.sport.baseball,rec.sport.baseball
102674,rec.sport.baseball,rec.sport.baseball
102675,rec.sport.baseball,rec.sport.baseball
102708,rec.sport.baseball,rec.sport.baseball
102720,rec.sport.baseball,rec.sport.baseball
102737,rec.sport.baseball,rec.sport.baseball
102741,rec.autos,rec.autos
102754,rec.autos,rec.autos
102756,rec.autos,rec.autos
102759,rec.autos,rec.autos
102761,rec.autos,rec.autos
102788,rec.autos,misc.forsale
102803,rec.autos,comp.graphics
102814,rec.autos,rec.autos
102821,rec.autos,rec.autos
102824,rec.autos,rec.autos
102843,rec.autos,rec.autos
102848,rec.autos,rec.autos
102859,rec.autos,comp.windows.x
102862,rec.autos,rec.autos
102864,rec.autos,soc.religion.christian
102872,rec.autos,rec.autos
102882,rec.autos,sci.electronics
102894,rec.autos,soc.religion.christian
102896,rec.autos,rec.autos
102906,rec.autos,rec.autos
102910,rec.autos,rec.autos
102922,rec.autos,rec.autos
102929,rec.autos,misc.forsale
102945,rec.autos,sci.electronics
102961,rec.autos,rec.autos
102968,rec.autos,rec.autos
102970,rec.autos,comp.sys.mac.hardware
102977,rec.autos,rec.autos
102982,rec.autos,rec.autos
102986,rec.autos,rec.autos
103005,rec.autos,rec.autos
103010,rec.autos,rec.autos
103013,rec.autos,rec.autos
103022,rec.autos,rec.autos
103031,rec.autos,rec.autos
103060,rec.autos,rec.autos
103061,rec.autos,sci.electronics
103082,rec.autos,rec.autos
103083,rec.autos,comp.os.ms-windows.misc
103090,rec.autos,rec.autos
103115,rec.autos,rec.autos
103120,rec.motorcycles,rec.motorcycles
103122,rec.autos,rec.sport.baseball
103123,rec.motorcycles,rec.motorcycles
103125,rec.autos,rec.autos
103128,rec.autos,rec.autos
103132,rec.motorcycles,comp.sys.mac.hardware
103133,rec.autos,rec.autos
103133,rec.motorcycles,rec.autos
103137,rec.autos,rec.autos
103150,rec.motorcycles,rec.motorcycles
103153,rec.motorcycles,rec.motorcycles
103162,rec.autos,alt.atheism
103163,rec.motorcycles,rec.motorcycles
103165,rec.motorcycles,rec.motorcycles
103168,rec.motorcycles,rec.motorcycles
103170,rec.autos,rec.autos
103170,rec.motorcycles,rec.motorcycles
103174,rec.autos,misc.forsale
103175,rec.motorcycles,rec.motorcycles
103187,rec.motorcycles,rec.motorcycles
103192,rec.autos,rec.autos
103199,rec.autos,rec.autos
103200,rec.motorcycles,comp.graphics
103207,rec.autos,talk.politics.guns
103210,rec.motorcycles,rec.motorcycles
103212,rec.motorcycles,rec.motorcycles
103219,rec.motorcycles,sci.med
103221,rec.motorcycles,rec.motorcycles
103226,rec.autos,rec.autos
103238,rec.motorcycles,rec.motorcycles
103279,rec.autos,rec.motorcycles
103280,rec.autos,rec.autos
103293,rec.autos,rec.autos
103300,rec.autos,rec.autos
103334,rec.autos,rec.autos
103350,rec.autos,rec.autos
103352,rec.autos,rec.autos
103353,rec.autos,rec.autos
103371,rec.autos,rec.autos
103376,rec.autos,rec.sport.hockey
103386,rec.autos,sci.med
103404,rec.autos,rec.autos
103406,rec.autos,rec.autos
103411,rec.autos,rec.autos
103443,rec.autos,rec.autos
103445,rec.autos,rec.autos
103448,rec.autos,rec.autos
103498,rec.autos,rec.autos
103500,rec.autos,comp.sys.ibm.pc.hardware
103503,rec.autos,rec.autos
103511,rec.autos,comp.sys.mac.hardware
103518,rec.autos,rec.autos
103530,rec.autos,rec.autos
103587,rec.sport.baseball,rec.sport.baseball
103661,rec.autos,rec.autos
103666,rec.autos,rec.autos
103667,rec.autos,rec.motorcycles
103686,rec.autos,rec.motorcycles
103688,rec.autos,rec.autos
103689,rec.autos,rec.autos
103690,rec.autos,rec.autos
103692,rec.autos,rec.autos
103720,rec.autos,rec.autos
103724,rec.autos,sci.electronics
103725,rec.autos,rec.autos
103736,rec.autos,rec.autos
103744,rec.autos,comp.sys.ibm.pc.hardware
103752,rec.autos,rec.autos
103755,rec.autos,rec.autos
103812,rec.autos,rec.autos
103813,rec.autos,rec.autos
104158,rec.motorcycles,rec.motorcycles
104292,rec.motorcycles,rec.motorcycles
104301,rec.motorcycles,rec.motorcycles
104304,rec.motorcycles,rec.motorcycles
104310,rec.motorcycles,rec.motorcycles
104315,rec.motorcycles,rec.motorcycles
104319,rec.motorcycles,soc.religion.christian
104319,rec.sport.baseball,rec.sport.baseball
104324,rec.sport.baseball,rec.sport.baseball
104328,rec.motorcycles,rec.motorcycles
104330,rec.motorcycles,rec.autos
104333,rec.motorcycles,rec.motorcycles
104338,rec.motorcycles,rec.motorcycles
104341,rec.sport.baseball,comp.sys.mac.hardware
104344,rec.motorcycles,rec.motorcycles
104346,rec.sport.baseball,rec.sport.baseball
104351,rec.motorcycles,rec.motorcycles
104362,rec.sport.baseball,rec.sport.baseball
104375,rec.motorcycles,rec.motorcycles
104376,rec.sport.baseball,rec.sport.baseball
104379,rec.motorcycles,comp.graphics
104381,rec.sport.baseball,rec.sport.baseball
104393,rec.motorcycles,rec.motorcycles
104394,rec.motorcycles,rec.motorcycles
104403,rec.motorcycles,rec.motorcycles
104406,rec.sport.baseball,rec.sport.baseball
104420,rec.motorcycles,talk.religion.misc
104420,rec.sport.baseball,rec.sport.baseball
104421,rec.sport.baseball,rec.sport.baseball
104423,rec.sport.baseball,rec.sport.baseball
104424,rec.sport.baseball,rec.sport.baseball
104427,rec.motorcycles,rec.motorcycles
104435,rec.sport.baseball,rec.sport.baseball
104436,rec.sport.baseball,rec.sport.baseball
104441,rec.sport.baseball,rec.sport.baseball
104444,rec.motorcycles,rec.motorcycles
104447,rec.motorcycles,rec.motorcycles
104455,rec.sport.baseball,rec.sport.hockey
104461,rec.motorcycles,rec.motorcycles
104463,rec.sport.baseball,rec.sport.baseball
104465,rec.sport.baseball,rec.sport.baseball
104469,rec.motorcycles,rec.motorcycles
104480,rec.sport.baseball,rec.sport.baseball
104481,rec.sport.baseball,rec.sport.baseball
104482,rec.motorcycles,rec.motorcycles
104483,rec.motorcycles,rec.motorcycles
104486,rec.sport.baseball,rec.motorcycles
104487,rec.sport.baseball,rec.sport.baseball
104490,rec.sport.baseball,rec.sport.hockey
104491,rec.motorcycles,rec.motorcycles
104496,rec.motorcycles,comp.os.ms-windows.misc
104499,rec.sport.baseball,rec.sport.baseball
104507,rec.motorcycles,rec.motorcycles
104507,rec.sport.baseball,rec.sport.baseball
104511,rec.sport.baseball,rec.sport.baseball
104517,rec.sport.baseball,rec.sport.baseball
104519,rec.motorcycles,rec.autos
104523,rec.sport.baseball,rec.sport.baseball
104524,rec.sport.baseball,rec.sport.baseball
104525,rec.motorcycles,rec.motorcycles
104528,rec.sport.baseball,rec.sport.baseball
104539,rec.sport.baseball,rec.sport.baseball
104543,rec.motorcycles,rec.motorcycles
104543,rec.sport.baseball,rec.sport.hockey
104544,rec.sport.baseball,rec.sport.baseball
104552,rec.sport.baseball,rec.sport.baseball
104555,rec.motorcycles,rec.motorcycles
104556,rec.motorcycles,rec.motorcycles
104560,rec.sport.baseball,rec.sport.baseball
104562,rec.motorcycles,rec.motorcycles
104564,rec.motorcycles,rec.motorcycles
104573,rec.motorcycles,rec.motorcycles
104579,rec.sport.baseball,rec.sport.baseball
104590,rec.sport.baseball,rec.sport.baseball
104595,rec.motorcycles,rec.motorcycles
104601,rec.sport.baseball,rec.autos
104609,rec.sport.baseball,rec.sport.baseball
104612,rec.sport.baseball,rec.sport.baseball
104616,rec.motorcycles,rec.motorcycles
104616,rec.sport.baseball,rec.sport.baseball
104622,rec.motorcycles,rec.motorcycles
104622,rec.sport.baseball,rec.sport.baseball
104639,rec.sport.baseball,rec.sport.baseball
104640,rec.motorcycles,rec.motorcycles
104640,rec.sport.baseball,rec.sport.hockey
104641,rec.sport.baseball,rec.sport.hockey
104661,rec.sport.baseball,rec.sport.baseball
104662,rec.sport.baseball,rec.sport.baseball
104666,rec.sport.baseball,sci.crypt
104670,rec.sport.baseball,rec.sport.baseball
104672,rec.sport.baseball,rec.sport.baseball
104675,rec.motorcycles,rec.motorcycles
104678,rec.sport.baseball,rec.sport.baseball
104683,rec.motorcycles,rec.motorcycles
104688,rec.motorcycles,rec.motorcycles
104689,rec.motorcycles,rec.motorcycles
104691,rec.sport.baseball,rec.sport.baseball
104695,rec.sport.baseball,rec.sport.baseball
104696,rec.motorcycles,rec.motorcycles
104703,rec.sport.baseball,rec.sport.baseball
104704,rec.sport.baseball,talk.politics.guns
104706,rec.sport.baseball,rec.sport.baseball
104709,rec.motorcycles,rec.motorcycles
104724,rec.sport.baseball,comp.sys.mac.hardware
104726,rec.sport.baseball,rec.sport.baseball
104738,rec.sport.baseball,comp.sys.mac.hardware
104765,rec.motorcycles,rec.motorcycles
104765,rec.sport.baseball,comp.graphics
104767,rec.motorcycles,rec.motorcycles
104769,rec.motorcycles,rec.motorcycles
104779,rec.sport.baseball,comp.sys.mac.hardware
104786,rec.sport.baseball,rec.sport.baseball
104791,rec.motorcycles,rec.motorcycles
104799,rec.sport.baseball,rec.sport.hockey
104809,rec.motorcycles,rec.motorcycles
104814,rec.sport.baseball,rec.sport.baseball
104822,rec.motorcycles,rec.motorcycles
104824,rec.sport.baseball,rec.sport.baseball
104826,rec.sport.baseball,rec.sport.baseball
104851,rec.sport.baseball,rec.sport.baseball
104852,rec.motorcycles,rec.motorcycles
104874,rec.sport.baseball,sci.electronics
104876,rec.sport.baseball,rec.sport.baseball
104878,rec.sport.baseball,rec.sport.baseball
104881,rec.motorcycles,rec.motorcycles
104882,rec.sport.baseball,comp.sys.ibm.pc.hardware
104884,rec.sport.baseball,rec.sport.baseball
104894,rec.sport.baseball,rec.sport.baseball
104901,rec.sport.baseball,rec.sport.baseball
104916,rec.sport.baseball,rec.sport.baseball
104924,rec.motorcycles,rec.motorcycles
104934,rec.motorcycles,comp.sys.mac.hardware
104943,rec.sport.baseball,rec.sport.baseball
104949,rec.motorcycles,rec.motorcycles
104951,rec.motorcycles,rec.motorcycles
104964,rec.sport.baseball,rec.sport.baseball
104977,rec.motorcycles,rec.motorcycles
104985,rec.sport.baseball,rec.sport.baseball
104988,rec.motorcycles,rec.motorcycles
104991,rec.sport.baseball,rec.sport.baseball
104996,rec.sport.baseball,rec.sport.baseball
104999,rec.motorcycles,rec.motorcycles
105005,rec.sport.baseball,rec.sport.baseball
105011,rec.sport.baseball,rec.sport.baseball
105022,rec.motorcycles,rec.motorcycles
105036,rec.sport.baseball,rec.sport.baseball
105047,rec.motorcycles,rec.motorcycles
105047,rec.sport.baseball,rec.sport.baseball
105049,rec.sport.baseball,rec.sport.baseball
105052,rec.motorcycles,rec.motorcycles
105054,rec.sport.baseball,comp.sys.mac.hardware
105057,rec.sport.baseball,comp.sys.mac.hardware
105062,rec.sport.baseball,rec.sport.baseball
105064,rec.sport.baseball,rec.sport.baseball
105071,rec.sport.baseball,rec.sport.baseball
105073,rec.sport.baseball,talk.politics.misc
105080,rec.sport.baseball,rec.sport.baseball
105087,rec.sport.baseball,rec.sport.baseball
105092,rec.sport.baseball,rec.sport.baseball
105095,rec.sport.baseball,rec.sport.baseball
105102,rec.sport.baseball,rec.sport.baseball
105105,rec.sport.baseball,rec.sport.baseball
105115,rec.sport.baseball,talk.religion.misc
105118,rec.sport.baseball,rec.sport.baseball
105121,rec.sport.baseball,rec.sport.baseball
105125,rec.motorcycles,misc.forsale
105127,rec.motorcycles,rec.motorcycles
105135,rec.motorcycles,rec.motorcycles
105145,rec.motorcycles,rec.motorcycles
105153,rec.motorcycles,rec.motorcycles
105155,rec.sport.baseball,rec.sport.baseball
105159,rec.motorcycles,rec.motorcycles
105160,rec.sport.baseball,rec.sport.baseball
105161,rec.sport.baseball,rec.sport.baseball
105167,rec.sport.baseball,talk.politics.guns
105216,rec.motorcycles,rec.motorcycles
105228,rec.motorcycles,rec.motorcycles
105229,rec.motorcycles,rec.motorcycles
105239,rec.motorcycles,rec.motorcycles
105244,rec.motorcycles,rec.motorcycles
105254,rec.motorcycles,rec.motorcycles
105257,rec.motorcycles,rec.motorcycles
105561,rec.motorcycles,rec.motorcycles
124146,talk.politics.misc,sci.med
176851,talk.politics.misc,talk.politics.misc
176859,talk.politics.misc,talk.politics.misc
176861,talk.politics.misc,rec.sport.baseball
176865,talk.politics.misc,talk.politics.misc
176871,talk.politics.misc,alt.atheism
176876,talk.politics.misc,rec.sport.baseball
176885,talk.politics.misc,talk.politics.misc
176920,talk.politics.misc,rec.sport.hockey
176923,talk.politics.misc,talk.politics.guns
176946,talk.politics.misc,talk.politics.misc
176948,talk.politics.misc,talk.politics.misc
176949,talk.politics.misc,talk.politics.misc
176954,talk.politics.misc,rec.motorcycles
176959,talk.politics.misc,talk.religion.misc
176967,talk.politics.misc,rec.sport.hockey
176971,talk.politics.misc,talk.politics.misc
176972,talk.politics.misc,alt.atheism
177012,talk.politics.misc,talk.politics.misc
178304,talk.politics.misc,talk.politics.misc
178309,talk.politics.misc,talk.politics.guns
178338,talk.politics.misc,talk.politics.misc
178360,talk.politics.misc,talk.politics.misc
178374,talk.politics.misc,soc.religion.christian
178375,talk.politics.misc,talk.politics.misc
178395,talk.politics.misc,talk.politics.misc
178403,talk.politics.misc,talk.politics.misc
178413,talk.politics.misc,talk.politics.misc
178416,talk.politics.misc,talk.politics.misc
178432,talk.politics.misc,talk.politics.misc
178446,talk.politics.misc,talk.politics.misc
178456,talk.politics.misc,talk.politics.misc
178458,talk.politics.misc,talk.politics.misc
178468,talk.politics.misc,talk.politics.misc
178474,talk.politics.misc,talk.politics.misc
178502,talk.politics.misc,talk.politics.misc
178521,talk.politics.misc,talk.politics.misc
178528,talk.politics.misc,talk.politics.misc
178534,talk.politics.misc,talk.politics.misc
178543,talk.politics.misc,talk.politics.misc
178563,talk.politics.misc,talk.politics.misc
178578,talk.politics.misc,talk.politics.misc
178590,talk.politics.misc,talk.politics.misc
178604,talk.politics.misc,talk.politics.misc
178609,talk.politics.misc,talk.politics.misc
178633,talk.politics.misc,talk.politics.misc
178644,talk.politics.misc,talk.politics.misc
178663,talk.politics.misc,talk.politics.misc
178669,talk.politics.misc,talk.politics.misc
178671,talk.politics.misc,talk.politics.misc
178692,talk.politics.misc,talk.politics.misc
178696,talk.politics.misc,talk.politics.misc
178706,talk.politics.misc,talk.politics.misc
178711,talk.politics.misc,talk.politics.misc
178718,talk.politics.misc,talk.politics.misc
178724,talk.politics.misc,talk.politics.misc
178736,talk.politics.misc,rec.motorcycles
178740,talk.politics.misc,comp.sys.ibm.pc.hardware
178743,talk.politics.misc,talk.religion.misc
178746,talk.politics.misc,talk.politics.misc
178757,talk.politics.misc,sci.med
178767,talk.politics.misc,talk.politics.misc
178771,talk.politics.misc,sci.med
178774,talk.politics.misc,talk.politics.misc
178796,talk.politics.misc,talk.politics.misc
178837,talk.politics.misc,talk.politics.misc
178847,talk.politics.misc,talk.politics.misc
178852,talk.politics.misc,talk.politics.misc
178860,talk.politics.misc,talk.politics.misc
178870,talk.politics.misc,alt.atheism
178881,talk.politics.misc,talk.politics.misc
178885,talk.politics.misc,talk.politics.misc
178897,talk.politics.misc,talk.politics.misc
178903,talk.politics.misc,talk.politics.guns
178908,talk.politics.misc,talk.politics.guns
178928,talk.politics.misc,comp.sys.mac.hardware
178946,talk.politics.misc,talk.politics.misc
178956,talk.politics.misc,talk.politics.misc
178971,talk.politics.misc,talk.politics.misc
179011,talk.politics.misc,sci.space
179016,talk.politics.misc,rec.sport.baseball
179030,talk.politics.misc,soc.religion.christian
179044,talk.politics.misc,talk.politics.misc
179048,talk.politics.misc,talk.politics.guns
179067,talk.politics.misc,talk.politics.misc
179082,talk.politics.misc,talk.politics.misc
179102,talk.politics.misc,talk.politics.misc
